<?xml version="1.0" encoding="UTF-8"?>
<project-private xmlns="http://www.netbeans.org/ns/project-private/1">
    <editor-bookmarks xmlns="http://www.netbeans.org/ns/editor-bookmarks/2" lastBookmarkId="0"/>
    <open-files xmlns="http://www.netbeans.org/ns/projectui-open-files/2">
        <group>
            <file>file:/C:/Users/Rhafaela/Desktop/TrabFinal_baldochi/src/Controller/CompradorController.java</file>
            <file>file:/C:/Users/Rhafaela/Desktop/TrabFinal_baldochi/src/View/CompradorView.java</file>
        </group>
    </open-files>
</project-private>
